 ,,,,,,,,,,,"Any questions or errors you might have or find, please contact Sgt M. Martinez in Haymaker 4-2-2",,,,,,,,,,,,,,,,,,,,,,,,,,,,,,,,,
RANGE,"CHARGE ↓ , ΔELE →",00m,05m,10m,15m,20m,25m,30m,35m,40m,45m,50m,55m,60m,65m,70m,75m,80m,85m,90m,95m,100m,105m,110m,115m,120m,125m,130m,135m,140m,145m,150m,155m,160m,165m,170m,175m,180m,185m,190m,195m,200m,205m,ETA
50m,70 m/s C0,87.13,87.11,87.10,87.08,87.07,87.05,87.03,87.02,87.00,86.98,86.96,86.95,86.93,86.91,86.89,86.87,86.85,86.82,86.80,86.78,86.75,86.73,86.70,86.68,86.65,86.62,86.59,86.56,86.53,86.50,86.46,86.43,86.39,86.35,86.31,86.26,86.21,86.16,86.11,86.05,85.99,85.92,~14s
100m,70 m/s C0,84.23,84.20,84.17,84.14,84.10,84.07,84.04,84.01,83.97,83.94,83.90,83.87,83.83,83.79,83.75,83.71,83.67,83.62,83.58,83.53,83.49,83.44,83.39,83.33,83.28,83.22,83.17,83.11,83.04,82.98,82.91,82.84,82.76,82.68,82.60,82.51,82.42,82.31,82.21,82.09,81.97,81.83,~14s
150m,70 m/s C0,81.26,81.22,81.17,81.13,81.08,81.04,80.99,80.94,80.89,80.84,80.78,80.73,80.67,80.62,80.56,80.50,80.44,80.37,80.31,80.24,80.17,80.10,80.02,79.95,79.87,79.78,79.70,79.61,79.52,79.42,79.32,79.21,79.10,78.98,78.86,78.73,78.59,78.44,78.29,78.12,77.93,77.73,~14s
200m,70 m/s C0,78.20,78.14,78.08,78.02,77.96,77.90,77.84,77.77,77.71,77.64,77.57,77.50,77.43,77.35,77.28,77.20,77.12,77.03,76.95,76.86,76.77,76.67,76.58,76.48,76.37,76.27,76.15,76.04,75.92,75.79,75.66,75.52,75.38,75.23,75.07,74.90,74.72,74.53,74.32,74.10,73.87,73.61,~13s
250m,70 m/s C0,74.98,74.91,74.84,74.77,74.70,74.62,74.54,74.46,74.38,74.30,74.22,74.13,74.04,73.95,73.86,73.76,73.66,73.56,73.46,73.35,73.24,73.12,73.01,72.88,72.76,72.63,72.49,72.35,72.21,72.05,71.89,71.73,71.55,71.37,71.18,70.97,70.76,70.53,70.28,70.02,69.73,69.42,~13s
300m,70 m/s C0,71.54,71.46,71.38,71.29,71.21,71.12,71.03,70.94,70.84,70.75,70.65,70.55,70.44,70.34,70.23,70.12,70.00,69.88,69.76,69.64,69.51,69.38,69.24,69.10,68.95,68.80,68.64,68.48,68.31,68.14,67.95,67.76,67.56,67.35,67.12,66.89,66.64,66.38,66.09,65.79,65.46,65.11,~13s
350m,70 m/s C0,67.76,67.67,67.57,67.48,67.38,67.28,67.18,67.07,66.97,66.86,66.75,66.63,66.51,66.40,66.27,66.15,66.02,65.88,65.75,65.61,65.46,65.31,65.16,65.00,64.84,64.67,64.49,64.31,64.12,63.92,63.72,63.50,63.28,63.04,62.79,62.53,62.25,61.96,61.65,61.31,60.95,60.56,~13s
400m,70 m/s C0,63.40,63.29,63.19,63.08,62.98,62.87,62.75,62.64,62.52,62.40,62.28,62.15,62.02,61.89,61.76,61.62,61.48,61.33,61.18,61.03,60.87,60.70,60.54,60.36,60.18,60.00,59.80,59.60,59.40,59.18,58.96,58.72,58.48,58.22,57.95,57.67,57.37,57.05,56.71,56.35,55.96,55.53,~12s
450m,70 m/s C0,57.86,57.75,57.64,57.52,57.41,57.29,57.16,57.04,56.91,56.78,56.65,56.52,56.38,56.23,56.09,55.94,55.79,55.63,55.47,55.30,55.13,54.95,54.77,54.59,54.39,54.19,53.99,53.77,53.55,53.32,53.08,52.83,52.57,52.30,52.01,51.71,51.39,51.05,50.69,50.30,49.89,49.44,~12s
500m,140 m/s C1,82.75,82.74,82.74,82.73,82.72,82.71,82.70,82.69,82.68,82.67,82.66,82.65,82.64,82.63,82.62,82.62,82.61,82.60,82.59,82.58,82.57,82.56,82.55,82.54,82.53,82.52,82.51,82.50,82.49,82.48,82.47,82.45,82.44,82.43,82.42,82.41,82.40,82.39,82.38,82.37,82.36,82.35,~28s
550m,140 m/s C1,82.01,82.00,81.99,81.98,81.97,81.96,81.95,81.94,81.93,81.92,81.91,81.90,81.89,81.88,81.87,81.86,81.85,81.84,81.83,81.82,81.81,81.79,81.78,81.77,81.76,81.75,81.74,81.73,81.72,81.71,81.69,81.68,81.67,81.66,81.65,81.64,81.62,81.61,81.60,81.59,81.58,81.56,~28s
600m,140 m/s C1,81.26,81.25,81.24,81.23,81.22,81.21,81.20,81.19,81.18,81.16,81.15,81.14,81.13,81.12,81.11,81.10,81.09,81.07,81.06,81.05,81.04,81.03,81.02,81.00,80.99,80.98,80.97,80.96,80.94,80.93,80.92,80.91,80.89,80.88,80.87,80.86,80.84,80.83,80.82,80.80,80.79,80.78,~28s
650m,140 m/s C1,80.51,80.50,80.48,80.47,80.46,80.45,80.44,80.43,80.41,80.40,80.39,80.38,80.37,80.35,80.34,80.33,80.32,80.30,80.29,80.28,80.27,80.25,80.24,80.23,80.22,80.20,80.19,80.18,80.16,80.15,80.14,80.12,80.11,80.10,80.08,80.07,80.05,80.04,80.03,80.01,80.00,79.98,~28s
700m,140 m/s C1,79.75,79.73,79.72,79.71,79.70,79.68,79.67,79.66,79.65,79.63,79.62,79.61,79.59,79.58,79.57,79.55,79.54,79.53,79.51,79.50,79.49,79.47,79.46,79.45,79.43,79.42,79.40,79.39,79.38,79.36,79.35,79.33,79.32,79.30,79.29,79.28,79.26,79.25,79.23,79.22,79.20,79.18,~28s
750m,140 m/s C1,78.98,78.96,78.95,78.94,78.92,78.91,78.90,78.88,78.87,78.86,78.84,78.83,78.81,78.80,78.79,78.77,78.76,78.74,78.73,78.72,78.70,78.69,78.67,78.66,78.64,78.63,78.61,78.60,78.58,78.57,78.55,78.54,78.52,78.51,78.49,78.47,78.46,78.44,78.43,78.41,78.39,78.38,~28s
800m,140 m/s C1,78.20,78.18,78.17,78.16,78.14,78.13,78.11,78.10,78.08,78.07,78.06,78.04,78.03,78.01,78.00,77.98,77.97,77.95,77.94,77.92,77.91,77.89,77.88,77.86,77.84,77.83,77.81,77.80,77.78,77.76,77.75,77.73,77.72,77.70,77.68,77.67,77.65,77.63,77.62,77.60,77.58,77.56,~27s
850m,140 m/s C1,77.41,77.40,77.38,77.37,77.35,77.34,77.32,77.31,77.29,77.28,77.26,77.25,77.23,77.21,77.20,77.18,77.17,77.15,77.13,77.12,77.10,77.09,77.07,77.05,77.04,77.02,77.00,76.99,76.97,76.95,76.94,76.92,76.90,76.88,76.87,76.85,76.83,76.81,76.79,76.78,76.76,76.74,~27s
900m,140 m/s C1,76.61,76.60,76.58,76.57,76.55,76.54,76.52,76.50,76.49,76.47,76.46,76.44,76.42,76.41,76.39,76.37,76.36,76.34,76.32,76.31,76.29,76.27,76.25,76.24,76.22,76.20,76.18,76.17,76.15,76.13,76.11,76.09,76.08,76.06,76.04,76.02,76.00,75.98,75.96,75.95,75.93,75.91,~27s
950m,140 m/s C1,75.80,75.79,75.77,75.76,75.74,75.72,75.71,75.69,75.67,75.66,75.64,75.62,75.60,75.59,75.57,75.55,75.53,75.52,75.50,75.48,75.46,75.45,75.43,75.41,75.39,75.37,75.35,75.34,75.32,75.30,75.28,75.26,75.24,75.22,75.20,75.18,75.16,75.14,75.12,75.10,75.08,75.06,~27s
1000m,140 m/s C1,74.98,74.97,74.95,74.93,74.91,74.90,74.88,74.86,74.84,74.83,74.81,74.79,74.77,74.76,74.74,74.72,74.70,74.68,74.66,74.64,74.63,74.61,74.59,74.57,74.55,74.53,74.51,74.49,74.47,74.45,74.43,74.41,74.39,74.37,74.35,74.33,74.31,74.29,74.27,74.25,74.23,74.21,~27s
1050m,140 m/s C1,74.15,74.13,74.11,74.09,74.08,74.06,74.04,74.02,74.00,73.98,73.97,73.95,73.93,73.91,73.89,73.87,73.85,73.83,73.81,73.79,73.78,73.76,73.74,73.72,73.70,73.68,73.66,73.64,73.62,73.59,73.57,73.55,73.53,73.51,73.49,73.47,73.45,73.43,73.40,73.38,73.36,73.34,~27s
1100m,140 m/s C1,73.30,73.28,73.26,73.24,73.22,73.20,73.19,73.17,73.15,73.13,73.11,73.09,73.07,73.05,73.03,73.01,72.99,72.97,72.95,72.93,72.91,72.89,72.87,72.85,72.83,72.81,72.79,72.76,72.74,72.72,72.70,72.68,72.66,72.63,72.61,72.59,72.57,72.55,72.52,72.50,72.48,72.46,~27s
1150m,140 m/s C1,72.43,72.41,72.39,72.37,72.35,72.33,72.31,72.29,72.27,72.25,72.23,72.21,72.19,72.17,72.15,72.13,72.11,72.09,72.07,72.05,72.03,72.01,71.98,71.96,71.94,71.92,71.90,71.88,71.85,71.83,71.81,71.79,71.76,71.74,71.72,71.70,71.67,71.65,71.63,71.60,71.58,71.56,~27s
1200m,140 m/s C1,71.54,71.52,71.50,71.48,71.46,71.44,71.42,71.40,71.38,71.36,71.34,71.32,71.30,71.28,71.26,71.23,71.21,71.19,71.17,71.15,71.13,71.10,71.08,71.06,71.04,71.01,70.99,70.97,70.95,70.92,70.90,70.88,70.85,70.83,70.81,70.78,70.76,70.74,70.71,70.69,70.66,70.64,~27s
1250m,140 m/s C1,70.64,70.61,70.59,70.57,70.55,70.53,70.51,70.49,70.47,70.45,70.43,70.40,70.38,70.36,70.34,70.32,70.29,70.27,70.25,70.23,70.20,70.18,70.16,70.14,70.11,70.09,70.07,70.04,70.02,69.99,69.97,69.95,69.92,69.90,69.87,69.85,69.82,69.80,69.77,69.75,69.72,69.70,~26s
1300m,140 m/s C1,69.70,69.68,69.66,69.64,69.62,69.60,69.58,69.55,69.53,69.51,69.49,69.46,69.44,69.42,69.40,69.37,69.35,69.33,69.31,69.28,69.26,69.24,69.21,69.19,69.16,69.14,69.12,69.09,69.07,69.04,69.02,68.99,68.97,68.94,68.92,68.89,68.87,68.84,68.82,68.79,68.76,68.74,~26s
1350m,140 m/s C1,68.75,68.72,68.70,68.68,68.66,68.64,68.61,68.59,68.57,68.55,68.52,68.50,68.48,68.45,68.43,68.41,68.38,68.36,68.34,68.31,68.29,68.26,68.24,68.21,68.19,68.16,68.14,68.12,68.09,68.06,68.04,68.01,67.99,67.96,67.94,67.91,67.88,67.86,67.83,67.80,67.78,67.75,~26s
1400m,140 m/s C1,67.76,67.74,67.71,67.69,67.67,67.64,67.62,67.60,67.57,67.55,67.53,67.50,67.48,67.46,67.43,67.41,67.38,67.36,67.33,67.31,67.29,67.26,67.24,67.21,67.19,67.16,67.13,67.11,67.08,67.06,67.03,67.00,66.98,66.95,66.92,66.90,66.87,66.84,66.82,66.79,66.76,66.73,~26s
1450m,140 m/s C1,66.73,66.71,66.69,66.67,66.64,66.62,66.59,66.57,66.55,66.52,66.50,66.47,66.45,66.42,66.40,66.38,66.35,66.33,66.30,66.28,66.25,66.22,66.20,66.17,66.15,66.12,66.09,66.07,66.04,66.01,65.99,65.96,65.93,65.91,65.88,65.85,65.82,65.80,65.77,65.74,65.71,65.68,~26s
1500m,140 m/s C1,65.67,65.65,65.62,65.60,65.58,65.55,65.53,65.50,65.48,65.45,65.43,65.40,65.38,65.35,65.33,65.30,65.28,65.25,65.23,65.20,65.17,65.15,65.12,65.09,65.07,65.04,65.01,64.99,64.96,64.93,64.91,64.88,64.85,64.82,64.79,64.77,64.74,64.71,64.68,64.65,64.62,64.59,~26s
1550m,140 m/s C1,64.56,64.54,64.51,64.49,64.46,64.44,64.41,64.39,64.36,64.34,64.31,64.29,64.26,64.24,64.21,64.18,64.16,64.13,64.10,64.08,64.05,64.02,64.00,63.97,63.94,63.92,63.89,63.86,63.83,63.80,63.78,63.75,63.72,63.69,63.66,63.63,63.60,63.58,63.55,63.52,63.49,63.46,~25s
1600m,140 m/s C1,63.40,63.37,63.35,63.32,63.30,63.27,63.24,63.22,63.19,63.17,63.14,63.12,63.09,63.06,63.04,63.01,62.98,62.96,62.93,62.90,62.87,62.85,62.82,62.79,62.76,62.74,62.71,62.68,62.65,62.62,62.59,62.56,62.53,62.51,62.48,62.45,62.42,62.39,62.36,62.33,62.30,62.27,~25s
1650m,140 m/s C1,62.16,62.14,62.11,62.09,62.06,62.03,62.01,61.98,61.96,61.93,61.90,61.88,61.85,61.82,61.80,61.77,61.74,61.71,61.69,61.66,61.63,61.60,61.57,61.55,61.52,61.49,61.46,61.43,61.40,61.37,61.34,61.31,61.28,61.25,61.22,61.19,61.16,61.13,61.10,61.07,61.04,61.01,~25s
1700m,140 m/s C1,60.85,60.82,60.79,60.77,60.74,60.72,60.69,60.66,60.64,60.61,60.58,60.55,60.53,60.50,60.47,60.44,60.42,60.39,60.36,60.33,60.30,60.27,60.24,60.22,60.19,60.16,60.13,60.10,60.07,60.04,60.01,59.98,59.95,59.92,59.89,59.86,59.83,59.79,59.76,59.73,59.70,59.67,~24s
1750m,140 m/s C1,59.42,59.40,59.37,59.34,59.32,59.29,59.26,59.24,59.21,59.18,59.15,59.13,59.10,59.07,59.04,59.01,58.98,58.96,58.93,58.90,58.87,58.84,58.81,58.78,58.75,58.72,58.69,58.66,58.63,58.60,58.57,58.54,58.51,58.48,58.45,58.41,58.38,58.35,58.32,58.29,58.25,58.22,~24s
1800m,140 m/s C1,57.86,57.83,57.81,57.78,57.75,57.72,57.70,57.67,57.64,57.61,57.58,57.56,57.53,57.50,57.47,57.44,57.41,57.38,57.35,57.32,57.29,57.26,57.24,57.20,57.17,57.14,57.11,57.08,57.05,57.02,56.99,56.96,56.93,56.90,56.86,56.83,56.80,56.77,56.73,56.70,56.67,56.64,~24s
1850m,140 m/s C1,56.09,56.07,56.04,56.01,55.98,55.96,55.93,55.90,55.87,55.84,55.81,55.78,55.76,55.73,55.70,55.67,55.64,55.61,55.58,55.55,55.52,55.49,55.46,55.43,55.40,55.37,55.33,55.30,55.27,55.24,55.21,55.18,55.14,55.11,55.08,55.05,55.01,54.98,54.95,54.92,54.88,54.85,~23s
1900m,140 m/s C1,54.01,53.98,53.95,53.92,53.90,53.87,53.84,53.81,53.78,53.75,53.72,53.69,53.66,53.63,53.60,53.57,53.54,53.51,53.48,53.45,53.42,53.39,53.36,53.33,53.30,53.27,53.24,53.20,53.17,53.14,53.11,53.07,53.04,53.01,52.98,52.94,52.91,52.88,52.84,52.81,52.78,52.74,~23s
1950m,140 m/s C1,51.29,51.26,51.23,51.20,51.18,51.15,51.12,51.09,51.06,51.03,51.00,50.97,50.94,50.91,50.88,50.85,50.82,50.79,50.76,50.73,50.69,50.66,50.63,50.60,50.57,50.54,50.50,50.47,50.44,50.41,50.37,50.34,50.31,50.28,50.24,50.21,50.17,50.14,50.11,50.07,50.04,50.00,~22s
2000m,200 m/s C2,75.31,75.31,75.30,75.29,75.28,75.27,75.26,75.26,75.25,75.24,75.23,75.22,75.21,75.21,75.20,75.19,75.18,75.17,75.16,75.15,75.15,75.14,75.13,75.12,75.11,75.10,75.09,75.09,75.08,75.07,75.06,75.05,75.04,75.03,75.02,75.02,75.01,75.00,74.99,74.98,74.97,74.96,~39s
2050m,200 m/s C2,74.91,74.90,74.89,74.88,74.88,74.87,74.86,74.85,74.84,74.83,74.82,74.82,74.81,74.80,74.79,74.78,74.77,74.76,74.76,74.75,74.74,74.73,74.72,74.71,74.70,74.69,74.69,74.68,74.67,74.66,74.65,74.64,74.63,74.62,74.61,74.60,74.60,74.59,74.58,74.57,74.56,74.55,~39s
2100m,200 m/s C2,74.50,74.49,74.48,74.47,74.47,74.46,74.45,74.44,74.43,74.42,74.41,74.41,74.40,74.39,74.38,74.37,74.36,74.35,74.34,74.34,74.33,74.32,74.31,74.30,74.29,74.28,74.27,74.26,74.25,74.24,74.24,74.23,74.22,74.21,74.20,74.19,74.18,74.17,74.16,74.15,74.14,74.13,~39s
2150m,200 m/s C2,74.09,74.08,74.07,74.06,74.05,74.05,74.04,74.03,74.02,74.01,74.00,73.99,73.98,73.97,73.97,73.96,73.95,73.94,73.93,73.92,73.91,73.90,73.89,73.88,73.87,73.87,73.86,73.85,73.84,73.83,73.82,73.81,73.80,73.79,73.78,73.77,73.76,73.75,73.74,73.73,73.72,73.71,~39s
2200m,200 m/s C2,73.67,73.66,73.66,73.65,73.64,73.63,73.62,73.61,73.60,73.59,73.58,73.57,73.57,73.56,73.55,73.54,73.53,73.52,73.51,73.50,73.49,73.48,73.47,73.46,73.45,73.45,73.44,73.43,73.42,73.41,73.40,73.39,73.38,73.37,73.36,73.35,73.34,73.33,73.32,73.31,73.30,73.29,~39s
2250m,200 m/s C2,73.25,73.25,73.24,73.23,73.22,73.21,73.20,73.19,73.18,73.17,73.16,73.15,73.14,73.14,73.13,73.12,73.11,73.10,73.09,73.08,73.07,73.06,73.05,73.04,73.03,73.02,73.01,73.00,72.99,72.98,72.97,72.96,72.95,72.94,72.93,72.92,72.91,72.90,72.89,72.88,72.87,72.86,~39s
2300m,200 m/s C2,72.83,72.82,72.81,72.80,72.79,72.78,72.78,72.77,72.76,72.75,72.74,72.73,72.72,72.71,72.70,72.69,72.68,72.67,72.66,72.65,72.64,72.63,72.62,72.61,72.60,72.59,72.58,72.57,72.56,72.55,72.54,72.53,72.52,72.51,72.50,72.49,72.48,72.47,72.46,72.45,72.44,72.43,~38s
2350m,200 m/s C2,72.40,72.39,72.38,72.38,72.37,72.36,72.35,72.34,72.33,72.32,72.31,72.30,72.29,72.28,72.27,72.26,72.25,72.24,72.23,72.22,72.21,72.20,72.19,72.18,72.17,72.16,72.15,72.14,72.13,72.12,72.11,72.10,72.09,72.08,72.07,72.06,72.05,72.04,72.03,72.02,72.01,72.00,~38s
2400m,200 m/s C2,71.97,71.96,71.95,71.94,71.93,71.92,71.91,71.90,71.89,71.88,71.87,71.86,71.86,71.85,71.84,71.83,71.82,71.81,71.80,71.79,71.78,71.77,71.76,71.75,71.74,71.73,71.72,71.71,71.69,71.68,71.67,71.66,71.65,71.64,71.63,71.62,71.61,71.60,71.59,71.58,71.57,71.56,~38s
2450m,200 m/s C2,71.53,71.52,71.51,71.50,71.50,71.49,71.48,71.47,71.46,71.45,71.44,71.43,71.42,71.41,71.40,71.39,71.38,71.37,71.36,71.35,71.34,71.33,71.31,71.30,71.29,71.28,71.27,71.26,71.25,71.24,71.23,71.22,71.21,71.20,71.19,71.18,71.17,71.16,71.15,71.14,71.13,71.12,~38s
2500m,200 m/s C2,71.09,71.08,71.07,71.06,71.05,71.04,71.03,71.02,71.01,71.00,70.99,70.98,70.97,70.96,70.95,70.94,70.93,70.92,70.91,70.90,70.89,70.88,70.87,70.86,70.85,70.84,70.83,70.82,70.81,70.80,70.79,70.77,70.76,70.75,70.74,70.73,70.72,70.71,70.70,70.69,70.68,70.67,~38s
2550m,200 m/s C2,70.64,70.63,70.62,70.61,70.60,70.59,70.58,70.57,70.56,70.55,70.54,70.53,70.52,70.51,70.50,70.49,70.48,70.47,70.46,70.45,70.44,70.43,70.42,70.41,70.40,70.39,70.38,70.36,70.35,70.34,70.33,70.32,70.31,70.30,70.29,70.28,70.27,70.26,70.25,70.23,70.22,70.21,~38s
2600m,200 m/s C2,70.19,70.18,70.17,70.16,70.15,70.14,70.13,70.12,70.11,70.10,70.09,70.08,70.07,70.06,70.05,70.04,70.03,70.01,70.00,69.99,69.98,69.97,69.96,69.95,69.94,69.93,69.92,69.91,69.90,69.89,69.87,69.86,69.85,69.84,69.83,69.82,69.81,69.80,69.79,69.77,69.76,69.75,~38s
2650m,200 m/s C2,69.73,69.72,69.71,69.70,69.69,69.68,69.67,69.66,69.65,69.64,69.63,69.62,69.61,69.60,69.59,69.57,69.56,69.55,69.54,69.53,69.52,69.51,69.50,69.49,69.48,69.47,69.45,69.44,69.43,69.42,69.41,69.40,69.39,69.38,69.37,69.35,69.34,69.33,69.32,69.31,69.30,69.29,~38s
2700m,200 m/s C2,69.27,69.26,69.25,69.24,69.22,69.21,69.20,69.19,69.18,69.17,69.16,69.15,69.14,69.13,69.12,69.11,69.10,69.08,69.07,69.06,69.05,69.04,69.03,69.02,69.01,69.00,68.99,68.97,68.96,68.95,68.94,68.93,68.92,68.91,68.89,68.88,68.87,68.86,68.85,68.84,68.83,68.81,~38s
2750m,200 m/s C2,68.79,68.78,68.77,68.76,68.75,68.74,68.73,68.72,68.71,68.70,68.69,68.68,68.67,68.65,68.64,68.63,68.62,68.61,68.60,68.59,68.58,68.57,68.55,68.54,68.53,68.52,68.51,68.50,68.49,68.47,68.46,68.45,68.44,68.43,68.42,68.41,68.39,68.38,68.37,68.36,68.35,68.34,~38s
2800m,200 m/s C2,68.32,68.30,68.29,68.28,68.27,68.26,68.25,68.24,68.23,68.22,68.21,68.19,68.18,68.17,68.16,68.15,68.14,68.13,68.12,68.11,68.09,68.08,68.07,68.06,68.05,68.04,68.03,68.01,68.00,67.99,67.98,67.97,67.96,67.94,67.93,67.92,67.91,67.90,67.89,67.87,67.86,67.85,~37s
2850m,200 m/s C2,67.83,67.82,67.81,67.80,67.78,67.77,67.76,67.75,67.74,67.73,67.72,67.71,67.69,67.68,67.67,67.66,67.65,67.64,67.63,67.62,67.60,67.59,67.58,67.57,67.56,67.55,67.53,67.52,67.51,67.50,67.49,67.48,67.46,67.45,67.44,67.43,67.42,67.40,67.39,67.38,67.37,67.36,~37s
2900m,200 m/s C2,67.33,67.32,67.31,67.30,67.29,67.28,67.27,67.25,67.24,67.23,67.22,67.21,67.20,67.19,67.17,67.16,67.15,67.14,67.13,67.12,67.11,67.09,67.08,67.07,67.06,67.05,67.03,67.02,67.01,67.00,66.99,66.98,66.96,66.95,66.94,66.93,66.91,66.90,66.89,66.88,66.87,66.85,~37s
2950m,200 m/s C2,66.83,66.82,66.81,66.79,66.78,66.77,66.76,66.75,66.74,66.73,66.71,66.70,66.69,66.68,66.67,66.66,66.64,66.63,66.62,66.61,66.60,66.59,66.57,66.56,66.55,66.54,66.53,66.51,66.50,66.49,66.48,66.47,66.45,66.44,66.43,66.42,66.41,66.39,66.38,66.37,66.36,66.34,~37s
3000m,200 m/s C2,66.31,66.30,66.29,66.28,66.27,66.26,66.25,66.23,66.22,66.21,66.20,66.19,66.18,66.16,66.15,66.14,66.13,66.12,66.10,66.09,66.08,66.07,66.06,66.05,66.03,66.02,66.01,66.00,65.98,65.97,65.96,65.95,65.94,65.92,65.91,65.90,65.89,65.87,65.86,65.85,65.84,65.82,~37s
3050m,200 m/s C2,65.79,65.78,65.77,65.76,65.74,65.73,65.72,65.71,65.70,65.69,65.67,65.66,65.65,65.64,65.63,65.61,65.60,65.59,65.58,65.57,65.55,65.54,65.53,65.52,65.51,65.49,65.48,65.47,65.46,65.44,65.43,65.42,65.41,65.39,65.38,65.37,65.36,65.34,65.33,65.32,65.31,65.29,~37s
3100m,200 m/s C2,65.26,65.24,65.23,65.22,65.21,65.20,65.19,65.17,65.16,65.15,65.14,65.13,65.11,65.10,65.09,65.08,65.07,65.05,65.04,65.03,65.02,65.00,64.99,64.98,64.97,64.95,64.94,64.93,64.92,64.90,64.89,64.88,64.87,64.85,64.84,64.83,64.82,64.80,64.79,64.78,64.77,64.75,~37s
3150m,200 m/s C2,64.71,64.70,64.69,64.67,64.66,64.65,64.64,64.63,64.61,64.60,64.59,64.58,64.56,64.55,64.54,64.53,64.52,64.50,64.49,64.48,64.47,64.45,64.44,64.43,64.42,64.40,64.39,64.38,64.37,64.35,64.34,64.33,64.32,64.30,64.29,64.28,64.26,64.25,64.24,64.23,64.21,64.20,~36s
3200m,200 m/s C2,64.15,64.14,64.12,64.11,64.10,64.09,64.08,64.06,64.05,64.04,64.03,64.02,64.00,63.99,63.98,63.97,63.95,63.94,63.93,63.92,63.90,63.89,63.88,63.87,63.85,63.84,63.83,63.82,63.80,63.79,63.78,63.76,63.75,63.74,63.73,63.71,63.70,63.69,63.67,63.66,63.65,63.63,~36s
3250m,200 m/s C2,63.57,63.56,63.55,63.54,63.53,63.51,63.50,63.49,63.48,63.46,63.45,63.44,63.43,63.41,63.40,63.39,63.38,63.36,63.35,63.34,63.33,63.31,63.30,63.29,63.28,63.26,63.25,63.24,63.22,63.21,63.20,63.19,63.17,63.16,63.15,63.13,63.12,63.11,63.09,63.08,63.07,63.05,~36s
3300m,200 m/s C2,62.98,62.97,62.96,62.95,62.94,62.92,62.91,62.90,62.89,62.87,62.86,62.85,62.84,62.82,62.81,62.80,62.79,62.77,62.76,62.75,62.73,62.72,62.71,62.70,62.68,62.67,62.66,62.64,62.63,62.62,62.60,62.59,62.58,62.56,62.55,62.54,62.53,62.51,62.50,62.48,62.47,62.46,~36s
3350m,200 m/s C2,62.38,62.37,62.35,62.34,62.33,62.32,62.30,62.29,62.28,62.27,62.25,62.24,62.23,62.21,62.20,62.19,62.18,62.16,62.15,62.14,62.12,62.11,62.10,62.09,62.07,62.06,62.05,62.03,62.02,62.01,61.99,61.98,61.97,61.95,61.94,61.93,61.91,61.90,61.89,61.87,61.86,61.85,~36s
3400m,200 m/s C2,61.75,61.74,61.73,61.71,61.70,61.69,61.68,61.66,61.65,61.64,61.63,61.61,61.60,61.59,61.57,61.56,61.55,61.54,61.52,61.51,61.50,61.48,61.47,61.46,61.44,61.43,61.42,61.40,61.39,61.38,61.36,61.35,61.34,61.32,61.31,61.30,61.28,61.27,61.25,61.24,61.23,61.21,~35s
3450m,200 m/s C2,61.10,61.09,61.08,61.07,61.05,61.04,61.03,61.02,61.00,60.99,60.98,60.96,60.95,60.94,60.92,60.91,60.90,60.89,60.87,60.86,60.85,60.83,60.82,60.81,60.79,60.78,60.77,60.75,60.74,60.73,60.71,60.70,60.68,60.67,60.66,60.64,60.63,60.62,60.60,60.59,60.57,60.56,~35s
3500m,200 m/s C2,60.43,60.42,60.41,60.39,60.38,60.37,60.36,60.34,60.33,60.32,60.30,60.29,60.28,60.26,60.25,60.24,60.22,60.21,60.20,60.18,60.17,60.16,60.14,60.13,60.12,60.10,60.09,60.08,60.06,60.05,60.04,60.02,60.01,60.00,59.98,59.97,59.95,59.94,59.93,59.91,59.90,59.88,~35s
3550m,200 m/s C2,59.73,59.72,59.71,59.69,59.68,59.67,59.66,59.64,59.63,59.62,59.60,59.59,59.58,59.56,59.55,59.54,59.52,59.51,59.50,59.48,59.47,59.46,59.44,59.43,59.42,59.40,59.39,59.37,59.36,59.35,59.33,59.32,59.31,59.29,59.28,59.26,59.25,59.24,59.22,59.21,59.19,59.18,~35s
3600m,200 m/s C2,59.00,58.99,58.98,58.96,58.95,58.94,58.92,58.91,58.90,58.88,58.87,58.86,58.84,58.83,58.82,58.80,58.79,58.78,58.76,58.75,58.74,58.72,58.71,58.70,58.68,58.67,58.65,58.64,58.63,58.61,58.60,58.58,58.57,58.56,58.54,58.53,58.51,58.50,58.49,58.47,58.46,58.44,~34s
3650m,200 m/s C2,58.24,58.22,58.21,58.20,58.18,58.17,58.16,58.14,58.13,58.12,58.10,58.09,58.08,58.06,58.05,58.04,58.02,58.01,57.99,57.98,57.97,57.95,57.94,57.93,57.91,57.90,57.88,57.87,57.86,57.84,57.83,57.81,57.80,57.79,57.77,57.76,57.74,57.73,57.71,57.70,57.69,57.67,~34s
3700m,200 m/s C2,57.42,57.41,57.40,57.38,57.37,57.36,57.34,57.33,57.32,57.30,57.29,57.28,57.26,57.25,57.24,57.22,57.21,57.19,57.18,57.17,57.15,57.14,57.13,57.11,57.10,57.08,57.07,57.06,57.04,57.03,57.01,57.00,56.98,56.97,56.96,56.94,56.93,56.91,56.90,56.88,56.87,56.85,~34s
3750m,200 m/s C2,56.56,56.55,56.53,56.52,56.51,56.49,56.48,56.47,56.45,56.44,56.42,56.41,56.40,56.38,56.37,56.36,56.34,56.33,56.31,56.30,56.29,56.27,56.26,56.24,56.23,56.22,56.20,56.19,56.17,56.16,56.14,56.13,56.12,56.10,56.09,56.07,56.06,56.04,56.03,56.01,56.00,55.99,~34s
3800m,200 m/s C2,55.63,55.62,55.60,55.59,55.58,55.56,55.55,55.53,55.52,55.51,55.49,55.48,55.47,55.45,55.44,55.42,55.41,55.40,55.38,55.37,55.35,55.34,55.33,55.31,55.30,55.28,55.27,55.25,55.24,55.23,55.21,55.20,55.18,55.17,55.15,55.14,55.12,55.11,55.09,55.08,55.06,55.05,~33s
3850m,200 m/s C2,54.61,54.60,54.59,54.57,54.56,54.55,54.53,54.52,54.50,54.49,54.48,54.46,54.45,54.43,54.42,54.41,54.39,54.38,54.36,54.35,54.34,54.32,54.31,54.29,54.28,54.26,54.25,54.24,54.22,54.21,54.19,54.18,54.16,54.15,54.13,54.12,54.10,54.09,54.07,54.06,54.04,54.03,~33s
3900m,200 m/s C2,53.48,53.47,53.46,53.44,53.43,53.41,53.40,53.39,53.37,53.36,53.34,53.33,53.32,53.30,53.29,53.27,53.26,53.25,53.23,53.22,53.20,53.19,53.17,53.16,53.15,53.13,53.12,53.10,53.09,53.07,53.06,53.04,53.03,53.01,53.00,52.98,52.97,52.95,52.94,52.92,52.91,52.89,~32s
3950m,200 m/s C2,52.18,52.17,52.15,52.14,52.13,52.11,52.10,52.08,52.07,52.06,52.04,52.03,52.01,52.00,51.99,51.97,51.96,51.94,51.93,51.91,51.90,51.89,51.87,51.86,51.84,51.83,51.81,51.80,51.78,51.77,51.75,51.74,51.72,51.71,51.69,51.68,51.66,51.65,51.63,51.62,51.60,51.59,~32s
4000m,200 m/s C2,50.59,50.58,50.57,50.55,50.54,50.52,50.51,50.50,50.48,50.47,50.45,50.44,50.42,50.41,50.40,50.38,50.37,50.35,50.34,50.32,50.31,50.29,50.28,50.26,50.25,50.24,50.22,50.21,50.19,50.18,50.16,50.15,50.13,50.12,50.10,50.09,50.07,50.06,50.04,50.03,50.01,50.00,~31s
4050m,200 m/s C2,48.33,48.31,48.30,48.29,48.27,48.26,48.24,48.23,48.21,48.20,48.19,48.17,48.16,48.14,48.13,48.11,48.10,48.08,48.07,48.06,48.04,48.03,48.01,48.00,47.98,47.97,47.95,47.94,47.92,47.91,47.89,47.88,47.86,47.85,47.83,47.82,47.80,47.79,47.77,47.76,47.74,47.72,~30s
4077m,200 m/s C2,45.44,45.42,45.41,45.39,45.38,45.37,45.35,45.34,45.32,45.31,45.29,45.28,45.26,45.25,45.24,45.22,45.21,45.19,45.18,45.16,45.15,45.13,45.12,45.10,45.09,45.07,45.06,45.04,45.03,45.01,45.00,44.98,44.97,44.95,44.94,44.92,44.91,44.89,44.88,44.86,44.85,44.83,~29s
